point_datetime,point_uuid,set_id,game_id,point_id,match_point,set_point,break_point,server,side,winner,ace_flag,double_fault_flag,serve,serve_type,serve_target,net_approach,first_net_approacher,net_approach_type,rally_length,final_shot,final_shot_hand,final_shot_type,metadata
2025-03-19 03:10:21.265605+00:00,1-1-1-1-0,1,1,1,0,0,0,1,0,1,True,False,1,1.0,1.0,False,,,1.0,1.0,,,"{'player1_name': 'Jannik Sinner', 'player2_name': 'Alexander Zverev', 'server': 1, 'match_best_of': 5, 'set_num_games': 6, 'set_tiebreak_to': 7, 'match_tiebreak': False, 'match_tiebreak_to': 10, 'datetime': '2025-01-26 08:30:00'}"
2025-03-19 03:10:44.077320+00:00,1-1-2-1-1,1,1,2,0,0,0,1,1,1,False,False,2,1.0,1.0,False,,,1.0,2.0,1.0,1.0,"{'player1_name': 'Jannik Sinner', 'player2_name': 'Alexander Zverev', 'server': 1, 'match_best_of': 5, 'set_num_games': 6, 'set_tiebreak_to': 7, 'match_tiebreak': False, 'match_tiebreak_to': 10, 'datetime': '2025-01-26 08:30:00'}"
2025-03-19 03:11:04.047321+00:00,1-1-3-1-0,1,1,3,0,0,0,1,0,1,False,False,2,1.0,3.0,False,,,1.0,2.0,1.0,1.0,"{'player1_name': 'Jannik Sinner', 'player2_name': 'Alexander Zverev', 'server': 1, 'match_best_of': 5, 'set_num_games': 6, 'set_tiebreak_to': 7, 'match_tiebreak': False, 'match_tiebreak_to': 10, 'datetime': '2025-01-26 08:30:00'}"
2025-03-19 03:11:53.645848+00:00,1-1-4-1-1,1,1,4,0,0,0,1,1,1,False,False,2,1.0,3.0,False,,,2.0,2.0,1.0,1.0,"{'player1_name': 'Jannik Sinner', 'player2_name': 'Alexander Zverev', 'server': 1, 'match_best_of': 5, 'set_num_games': 6, 'set_tiebreak_to': 7, 'match_tiebreak': False, 'match_tiebreak_to': 10, 'datetime': '2025-01-26 08:30:00'}"
2025-03-19 03:13:41.376382+00:00,1-2-5-2-0,1,2,5,0,0,0,2,0,2,False,False,2,1.0,1.0,False,,,4.0,3.0,2.0,1.0,"{'player1_name': 'Jannik Sinner', 'player2_name': 'Alexander Zverev', 'server': 1, 'match_best_of': 5, 'set_num_games': 6, 'set_tiebreak_to': 7, 'match_tiebreak': False, 'match_tiebreak_to': 10, 'datetime': '2025-01-26 08:30:00'}"
2025-03-19 03:14:30.342710+00:00,1-2-6-2-1,1,2,6,0,0,0,2,1,2,False,False,3,2.0,2.0,False,,,,3.0,1.0,1.0,"{'player1_name': 'Jannik Sinner', 'player2_name': 'Alexander Zverev', 'server': 1, 'match_best_of': 5, 'set_num_games': 6, 'set_tiebreak_to': 7, 'match_tiebreak': False, 'match_tiebreak_to': 10, 'datetime': '2025-01-26 08:30:00'}"
2025-03-19 03:15:41.540892+00:00,1-2-7-2-0,1,2,7,0,0,0,2,0,1,False,False,2,1.0,3.0,False,,,3.0,1.0,2.0,1.0,"{'player1_name': 'Jannik Sinner', 'player2_name': 'Alexander Zverev', 'server': 1, 'match_best_of': 5, 'set_num_games': 6, 'set_tiebreak_to': 7, 'match_tiebreak': False, 'match_tiebreak_to': 10, 'datetime': '2025-01-26 08:30:00'}"
2025-03-19 03:15:53.234874+00:00,1-2-8-2-1,1,2,8,0,0,0,2,1,2,True,False,1,1.0,3.0,False,,,1.0,1.0,,,"{'player1_name': 'Jannik Sinner', 'player2_name': 'Alexander Zverev', 'server': 1, 'match_best_of': 5, 'set_num_games': 6, 'set_tiebreak_to': 7, 'match_tiebreak': False, 'match_tiebreak_to': 10, 'datetime': '2025-01-26 08:30:00'}"
2025-03-19 03:16:46.609210+00:00,1-2-9-2-0,1,2,9,0,0,0,2,0,2,False,False,3,1.0,1.0,False,,,4.0,2.0,1.0,1.0,"{'player1_name': 'Jannik Sinner', 'player2_name': 'Alexander Zverev', 'server': 1, 'match_best_of': 5, 'set_num_games': 6, 'set_tiebreak_to': 7, 'match_tiebreak': False, 'match_tiebreak_to': 10, 'datetime': '2025-01-26 08:30:00'}"
2025-03-19 03:17:49.494234+00:00,1-3-10-1-0,1,3,10,0,0,0,1,0,1,False,False,2,1.0,1.0,False,,,1.0,2.0,2.0,7.0,"{'player1_name': 'Jannik Sinner', 'player2_name': 'Alexander Zverev', 'server': 1, 'match_best_of': 5, 'set_num_games': 6, 'set_tiebreak_to': 7, 'match_tiebreak': False, 'match_tiebreak_to': 10, 'datetime': '2025-01-26 08:30:00'}"
2025-03-19 03:18:15.030107+00:00,1-3-11-1-1,1,3,11,0,0,0,1,1,1,False,False,2,1.0,3.0,False,,,1.0,2.0,2.0,7.0,"{'player1_name': 'Jannik Sinner', 'player2_name': 'Alexander Zverev', 'server': 1, 'match_best_of': 5, 'set_num_games': 6, 'set_tiebreak_to': 7, 'match_tiebreak': False, 'match_tiebreak_to': 10, 'datetime': '2025-01-26 08:30:00'}"
2025-03-19 03:19:15.608602+00:00,1-3-12-1-0,1,3,12,0,0,0,1,0,1,False,False,3,2.0,2.0,False,,,4.0,3.0,1.0,1.0,"{'player1_name': 'Jannik Sinner', 'player2_name': 'Alexander Zverev', 'server': 1, 'match_best_of': 5, 'set_num_games': 6, 'set_tiebreak_to': 7, 'match_tiebreak': False, 'match_tiebreak_to': 10, 'datetime': '2025-01-26 08:30:00'}"
2025-03-19 03:19:58.975115+00:00,1-3-13-1-1,1,3,13,0,0,0,1,1,1,False,False,2,1.0,3.0,True,1.0,1.0,2.0,1.0,1.0,1.0,"{'player1_name': 'Jannik Sinner', 'player2_name': 'Alexander Zverev', 'server': 1, 'match_best_of': 5, 'set_num_games': 6, 'set_tiebreak_to': 7, 'match_tiebreak': False, 'match_tiebreak_to': 10, 'datetime': '2025-01-26 08:30:00'}"
2025-03-19 03:22:30.407988+00:00,1-4-14-2-0,1,4,14,0,0,0,2,0,1,False,False,3,3.0,1.0,False,,,2.0,2.0,1.0,1.0,"{'player1_name': 'Jannik Sinner', 'player2_name': 'Alexander Zverev', 'server': 1, 'match_best_of': 5, 'set_num_games': 6, 'set_tiebreak_to': 7, 'match_tiebreak': False, 'match_tiebreak_to': 10, 'datetime': '2025-01-26 08:30:00'}"
2025-03-19 03:23:02.546093+00:00,1-4-15-2-1,1,4,15,0,0,0,2,1,1,False,False,2,1.0,2.0,False,,,2.0,3.0,1.0,1.0,"{'player1_name': 'Jannik Sinner', 'player2_name': 'Alexander Zverev', 'server': 1, 'match_best_of': 5, 'set_num_games': 6, 'set_tiebreak_to': 7, 'match_tiebreak': False, 'match_tiebreak_to': 10, 'datetime': '2025-01-26 08:30:00'}"
2025-03-19 03:23:28.141188+00:00,1-4-16-2-0,1,4,16,0,0,0,2,0,2,False,False,2,1.0,1.0,True,2.0,1.0,2.0,1.0,2.0,4.0,"{'player1_name': 'Jannik Sinner', 'player2_name': 'Alexander Zverev', 'server': 1, 'match_best_of': 5, 'set_num_games': 6, 'set_tiebreak_to': 7, 'match_tiebreak': False, 'match_tiebreak_to': 10, 'datetime': '2025-01-26 08:30:00'}"
2025-03-19 03:24:23.761465+00:00,1-4-17-2-1,1,4,17,0,0,0,2,1,1,False,False,2,1.0,1.0,True,1.0,2.0,3.0,1.0,2.0,1.0,"{'player1_name': 'Jannik Sinner', 'player2_name': 'Alexander Zverev', 'server': 1, 'match_best_of': 5, 'set_num_games': 6, 'set_tiebreak_to': 7, 'match_tiebreak': False, 'match_tiebreak_to': 10, 'datetime': '2025-01-26 08:30:00'}"
2025-03-19 03:24:54.774800+00:00,1-4-18-2-0,1,4,18,0,0,1,2,0,2,False,False,2,1.0,3.0,False,,,1.0,2.0,1.0,1.0,"{'player1_name': 'Jannik Sinner', 'player2_name': 'Alexander Zverev', 'server': 1, 'match_best_of': 5, 'set_num_games': 6, 'set_tiebreak_to': 7, 'match_tiebreak': False, 'match_tiebreak_to': 10, 'datetime': '2025-01-26 08:30:00'}"
2025-03-19 03:25:28.840985+00:00,1-4-19-2-1,1,4,19,0,0,1,2,1,2,False,False,2,1.0,3.0,True,2.0,1.0,2.0,2.0,1.0,1.0,"{'player1_name': 'Jannik Sinner', 'player2_name': 'Alexander Zverev', 'server': 1, 'match_best_of': 5, 'set_num_games': 6, 'set_tiebreak_to': 7, 'match_tiebreak': False, 'match_tiebreak_to': 10, 'datetime': '2025-01-26 08:30:00'}"
2025-03-19 03:25:54.443998+00:00,1-4-20-2-0,1,4,20,0,0,0,2,0,2,False,False,2,1.0,3.0,True,2.0,1.0,2.0,1.0,1.0,4.0,"{'player1_name': 'Jannik Sinner', 'player2_name': 'Alexander Zverev', 'server': 1, 'match_best_of': 5, 'set_num_games': 6, 'set_tiebreak_to': 7, 'match_tiebreak': False, 'match_tiebreak_to': 10, 'datetime': '2025-01-26 08:30:00'}"
2025-03-19 03:26:21.065218+00:00,1-4-21-2-1,1,4,21,0,0,0,2,1,2,False,False,2,1.0,3.0,False,,,1.0,2.0,2.0,1.0,"{'player1_name': 'Jannik Sinner', 'player2_name': 'Alexander Zverev', 'server': 1, 'match_best_of': 5, 'set_num_games': 6, 'set_tiebreak_to': 7, 'match_tiebreak': False, 'match_tiebreak_to': 10, 'datetime': '2025-01-26 08:30:00'}"
2025-03-19 03:27:07.489822+00:00,1-5-22-1-0,1,5,22,0,0,0,1,0,2,False,False,3,2.0,2.0,False,,,4.0,1.0,1.0,1.0,"{'player1_name': 'Jannik Sinner', 'player2_name': 'Alexander Zverev', 'server': 1, 'match_best_of': 5, 'set_num_games': 6, 'set_tiebreak_to': 7, 'match_tiebreak': False, 'match_tiebreak_to': 10, 'datetime': '2025-01-26 08:30:00'}"
2025-03-19 03:28:35.669021+00:00,1-5-23-1-1,1,5,23,0,0,0,1,1,1,False,False,2,1.0,3.0,False,,,4.0,2.0,1.0,1.0,"{'player1_name': 'Jannik Sinner', 'player2_name': 'Alexander Zverev', 'server': 1, 'match_best_of': 5, 'set_num_games': 6, 'set_tiebreak_to': 7, 'match_tiebreak': False, 'match_tiebreak_to': 10, 'datetime': '2025-01-26 08:30:00'}"
2025-03-19 03:28:59.463656+00:00,1-5-24-1-0,1,5,24,0,0,0,1,0,1,False,False,2,1.0,1.0,False,,,1.0,2.0,2.0,7.0,"{'player1_name': 'Jannik Sinner', 'player2_name': 'Alexander Zverev', 'server': 1, 'match_best_of': 5, 'set_num_games': 6, 'set_tiebreak_to': 7, 'match_tiebreak': False, 'match_tiebreak_to': 10, 'datetime': '2025-01-26 08:30:00'}"
2025-03-19 03:30:40.691175+00:00,1-5-25-1-1,1,5,25,0,0,0,1,1,1,False,False,2,1.0,1.0,False,,,4.0,2.0,1.0,1.0,"{'player1_name': 'Jannik Sinner', 'player2_name': 'Alexander Zverev', 'server': 1, 'match_best_of': 5, 'set_num_games': 6, 'set_tiebreak_to': 7, 'match_tiebreak': False, 'match_tiebreak_to': 10, 'datetime': '2025-01-26 08:30:00'}"
2025-03-19 03:33:45.381989+00:00,1-5-26-1-0,1,5,26,0,0,0,1,0,2,False,False,3,2.0,1.0,False,,,2.0,3.0,2.0,1.0,"{'player1_name': 'Jannik Sinner', 'player2_name': 'Alexander Zverev', 'server': 1, 'match_best_of': 5, 'set_num_games': 6, 'set_tiebreak_to': 7, 'match_tiebreak': False, 'match_tiebreak_to': 10, 'datetime': '2025-01-26 08:30:00'}"
2025-03-19 03:34:55.380962+00:00,1-5-27-1-1,1,5,27,0,0,0,1,1,2,False,False,2,1.0,1.0,True,1.0,1.0,2.0,3.0,2.0,4.0,"{'player1_name': 'Jannik Sinner', 'player2_name': 'Alexander Zverev', 'server': 1, 'match_best_of': 5, 'set_num_games': 6, 'set_tiebreak_to': 7, 'match_tiebreak': False, 'match_tiebreak_to': 10, 'datetime': '2025-01-26 08:30:00'}"
2025-03-19 03:36:55.787895+00:00,1-5-28-1-0,1,5,28,0,0,0,1,0,1,False,False,3,2.0,2.0,False,,,4.0,2.0,1.0,1.0,"{'player1_name': 'Jannik Sinner', 'player2_name': 'Alexander Zverev', 'server': 1, 'match_best_of': 5, 'set_num_games': 6, 'set_tiebreak_to': 7, 'match_tiebreak': False, 'match_tiebreak_to': 10, 'datetime': '2025-01-26 08:30:00'}"
2025-03-19 03:37:36.251075+00:00,1-5-29-1-1,1,5,29,0,0,0,1,1,2,False,False,2,1.0,1.0,False,,,2.0,2.0,1.0,1.0,"{'player1_name': 'Jannik Sinner', 'player2_name': 'Alexander Zverev', 'server': 1, 'match_best_of': 5, 'set_num_games': 6, 'set_tiebreak_to': 7, 'match_tiebreak': False, 'match_tiebreak_to': 10, 'datetime': '2025-01-26 08:30:00'}"
2025-03-19 03:38:31.312919+00:00,1-5-30-1-0,1,5,30,0,0,0,1,0,1,False,False,3,2.0,3.0,False,,,4.0,3.0,2.0,1.0,"{'player1_name': 'Jannik Sinner', 'player2_name': 'Alexander Zverev', 'server': 1, 'match_best_of': 5, 'set_num_games': 6, 'set_tiebreak_to': 7, 'match_tiebreak': False, 'match_tiebreak_to': 10, 'datetime': '2025-01-26 08:30:00'}"
2025-03-19 03:39:36.391116+00:00,1-5-31-1-1,1,5,31,0,0,0,1,1,1,False,False,2,1.0,3.0,False,,,2.0,3.0,1.0,1.0,"{'player1_name': 'Jannik Sinner', 'player2_name': 'Alexander Zverev', 'server': 1, 'match_best_of': 5, 'set_num_games': 6, 'set_tiebreak_to': 7, 'match_tiebreak': False, 'match_tiebreak_to': 10, 'datetime': '2025-01-26 08:30:00'}"
2025-03-19 03:40:27.955296+00:00,1-6-32-2-0,1,6,32,0,0,0,2,0,2,True,False,1,1.0,3.0,False,,,1.0,1.0,,,"{'player1_name': 'Jannik Sinner', 'player2_name': 'Alexander Zverev', 'server': 1, 'match_best_of': 5, 'set_num_games': 6, 'set_tiebreak_to': 7, 'match_tiebreak': False, 'match_tiebreak_to': 10, 'datetime': '2025-01-26 08:30:00'}"
2025-03-19 03:41:20.589369+00:00,1-6-33-2-1,1,6,33,0,0,0,2,1,1,False,False,3,2.0,2.0,False,,,2.0,2.0,1.0,1.0,"{'player1_name': 'Jannik Sinner', 'player2_name': 'Alexander Zverev', 'server': 1, 'match_best_of': 5, 'set_num_games': 6, 'set_tiebreak_to': 7, 'match_tiebreak': False, 'match_tiebreak_to': 10, 'datetime': '2025-01-26 08:30:00'}"
2025-03-19 03:42:21.954120+00:00,1-6-34-2-0,1,6,34,0,0,0,2,0,2,False,False,3,2.0,2.0,False,,,1.0,2.0,1.0,1.0,"{'player1_name': 'Jannik Sinner', 'player2_name': 'Alexander Zverev', 'server': 1, 'match_best_of': 5, 'set_num_games': 6, 'set_tiebreak_to': 7, 'match_tiebreak': False, 'match_tiebreak_to': 10, 'datetime': '2025-01-26 08:30:00'}"
2025-03-19 03:42:57.409295+00:00,1-6-35-2-1,1,6,35,0,0,0,2,1,2,True,False,1,1.0,1.0,False,,,1.0,1.0,,,"{'player1_name': 'Jannik Sinner', 'player2_name': 'Alexander Zverev', 'server': 1, 'match_best_of': 5, 'set_num_games': 6, 'set_tiebreak_to': 7, 'match_tiebreak': False, 'match_tiebreak_to': 10, 'datetime': '2025-01-26 08:30:00'}"
2025-03-19 03:43:31.697618+00:00,1-6-36-2-0,1,6,36,0,0,0,2,0,2,True,False,1,1.0,3.0,False,,,1.0,1.0,,,"{'player1_name': 'Jannik Sinner', 'player2_name': 'Alexander Zverev', 'server': 1, 'match_best_of': 5, 'set_num_games': 6, 'set_tiebreak_to': 7, 'match_tiebreak': False, 'match_tiebreak_to': 10, 'datetime': '2025-01-26 08:30:00'}"
2025-03-19 03:44:05.164254+00:00,1-7-37-1-0,1,7,37,0,0,0,1,0,1,False,False,2,1.0,3.0,True,1.0,1.0,2.0,1.0,1.0,3.0,"{'player1_name': 'Jannik Sinner', 'player2_name': 'Alexander Zverev', 'server': 1, 'match_best_of': 5, 'set_num_games': 6, 'set_tiebreak_to': 7, 'match_tiebreak': False, 'match_tiebreak_to': 10, 'datetime': '2025-01-26 08:30:00'}"
2025-03-19 03:44:21.736007+00:00,1-7-38-1-1,1,7,38,0,0,0,1,1,1,False,False,2,1.0,1.0,False,,,1.0,2.0,1.0,1.0,"{'player1_name': 'Jannik Sinner', 'player2_name': 'Alexander Zverev', 'server': 1, 'match_best_of': 5, 'set_num_games': 6, 'set_tiebreak_to': 7, 'match_tiebreak': False, 'match_tiebreak_to': 10, 'datetime': '2025-01-26 08:30:00'}"
2025-03-19 03:46:15.384153+00:00,1-7-39-1-0,1,7,39,0,0,0,1,0,2,False,False,2,1.0,1.0,False,,,3.0,3.0,1.0,1.0,"{'player1_name': 'Jannik Sinner', 'player2_name': 'Alexander Zverev', 'server': 1, 'match_best_of': 5, 'set_num_games': 6, 'set_tiebreak_to': 7, 'match_tiebreak': False, 'match_tiebreak_to': 10, 'datetime': '2025-01-26 08:30:00'}"
2025-03-19 03:46:52.769200+00:00,1-7-40-1-1,1,7,40,0,0,0,1,1,2,False,False,3,2.0,2.0,False,,,2.0,3.0,1.0,1.0,"{'player1_name': 'Jannik Sinner', 'player2_name': 'Alexander Zverev', 'server': 1, 'match_best_of': 5, 'set_num_games': 6, 'set_tiebreak_to': 7, 'match_tiebreak': False, 'match_tiebreak_to': 10, 'datetime': '2025-01-26 08:30:00'}"
2025-03-19 03:47:14.269795+00:00,1-7-41-1-0,1,7,41,0,0,0,1,0,1,False,False,2,1.0,1.0,False,,,1.0,2.0,2.0,7.0,"{'player1_name': 'Jannik Sinner', 'player2_name': 'Alexander Zverev', 'server': 1, 'match_best_of': 5, 'set_num_games': 6, 'set_tiebreak_to': 7, 'match_tiebreak': False, 'match_tiebreak_to': 10, 'datetime': '2025-01-26 08:30:00'}"
2025-03-19 03:47:52.265033+00:00,1-7-42-1-1,1,7,42,0,0,0,1,1,1,False,False,3,2.0,1.0,False,,,3.0,2.0,1.0,1.0,"{'player1_name': 'Jannik Sinner', 'player2_name': 'Alexander Zverev', 'server': 1, 'match_best_of': 5, 'set_num_games': 6, 'set_tiebreak_to': 7, 'match_tiebreak': False, 'match_tiebreak_to': 10, 'datetime': '2025-01-26 08:30:00'}"
2025-03-19 03:49:33.708172+00:00,1-8-43-2-0,1,8,43,0,0,0,2,0,1,False,False,3,2.0,1.0,False,,,4.0,2.0,2.0,1.0,"{'player1_name': 'Jannik Sinner', 'player2_name': 'Alexander Zverev', 'server': 1, 'match_best_of': 5, 'set_num_games': 6, 'set_tiebreak_to': 7, 'match_tiebreak': False, 'match_tiebreak_to': 10, 'datetime': '2025-01-26 08:30:00'}"
2025-03-19 03:50:07.856819+00:00,1-8-44-2-1,1,8,44,0,0,0,2,1,1,False,False,2,1.0,3.0,False,,,2.0,3.0,1.0,1.0,"{'player1_name': 'Jannik Sinner', 'player2_name': 'Alexander Zverev', 'server': 1, 'match_best_of': 5, 'set_num_games': 6, 'set_tiebreak_to': 7, 'match_tiebreak': False, 'match_tiebreak_to': 10, 'datetime': '2025-01-26 08:30:00'}"
2025-03-19 03:50:47.587972+00:00,1-8-45-2-0,1,8,45,0,0,0,2,0,2,False,False,2,1.0,3.0,False,,,1.0,2.0,1.0,7.0,"{'player1_name': 'Jannik Sinner', 'player2_name': 'Alexander Zverev', 'server': 1, 'match_best_of': 5, 'set_num_games': 6, 'set_tiebreak_to': 7, 'match_tiebreak': False, 'match_tiebreak_to': 10, 'datetime': '2025-01-26 08:30:00'}"
2025-03-19 03:51:15.048362+00:00,1-8-46-2-1,1,8,46,0,0,0,2,1,1,False,False,2,1.0,3.0,True,2.0,1.0,3.0,1.0,1.0,1.0,"{'player1_name': 'Jannik Sinner', 'player2_name': 'Alexander Zverev', 'server': 1, 'match_best_of': 5, 'set_num_games': 6, 'set_tiebreak_to': 7, 'match_tiebreak': False, 'match_tiebreak_to': 10, 'datetime': '2025-01-26 08:30:00'}"
2025-03-19 03:51:47.833490+00:00,1-8-47-2-0,1,8,47,0,0,1,2,0,2,False,False,2,1.0,1.0,True,2.0,1.0,2.0,1.0,1.0,3.0,"{'player1_name': 'Jannik Sinner', 'player2_name': 'Alexander Zverev', 'server': 1, 'match_best_of': 5, 'set_num_games': 6, 'set_tiebreak_to': 7, 'match_tiebreak': False, 'match_tiebreak_to': 10, 'datetime': '2025-01-26 08:30:00'}"
2025-03-19 03:52:07.557102+00:00,1-8-48-2-1,1,8,48,0,0,1,2,1,2,False,False,2,1.0,3.0,False,,,1.0,2.0,2.0,1.0,"{'player1_name': 'Jannik Sinner', 'player2_name': 'Alexander Zverev', 'server': 1, 'match_best_of': 5, 'set_num_games': 6, 'set_tiebreak_to': 7, 'match_tiebreak': False, 'match_tiebreak_to': 10, 'datetime': '2025-01-26 08:30:00'}"
2025-03-19 03:52:24.749431+00:00,1-8-49-2-0,1,8,49,0,0,0,2,0,2,False,False,2,1.0,3.0,False,,,1.0,2.0,1.0,1.0,"{'player1_name': 'Jannik Sinner', 'player2_name': 'Alexander Zverev', 'server': 1, 'match_best_of': 5, 'set_num_games': 6, 'set_tiebreak_to': 7, 'match_tiebreak': False, 'match_tiebreak_to': 10, 'datetime': '2025-01-26 08:30:00'}"
2025-03-19 03:52:57.342902+00:00,1-8-50-2-1,1,8,50,0,0,0,2,1,1,False,False,2,1.0,1.0,True,2.0,1.0,2.0,3.0,2.0,4.0,"{'player1_name': 'Jannik Sinner', 'player2_name': 'Alexander Zverev', 'server': 1, 'match_best_of': 5, 'set_num_games': 6, 'set_tiebreak_to': 7, 'match_tiebreak': False, 'match_tiebreak_to': 10, 'datetime': '2025-01-26 08:30:00'}"
2025-03-19 03:53:37.983257+00:00,1-8-51-2-0,1,8,51,0,0,0,2,0,2,False,False,2,2.0,1.0,False,,,1.0,2.0,2.0,7.0,"{'player1_name': 'Jannik Sinner', 'player2_name': 'Alexander Zverev', 'server': 1, 'match_best_of': 5, 'set_num_games': 6, 'set_tiebreak_to': 7, 'match_tiebreak': False, 'match_tiebreak_to': 10, 'datetime': '2025-01-26 08:30:00'}"
2025-03-19 03:54:02.786996+00:00,1-8-52-2-1,1,8,52,0,0,0,2,1,1,False,False,2,1.0,3.0,False,,,2.0,2.0,1.0,1.0,"{'player1_name': 'Jannik Sinner', 'player2_name': 'Alexander Zverev', 'server': 1, 'match_best_of': 5, 'set_num_games': 6, 'set_tiebreak_to': 7, 'match_tiebreak': False, 'match_tiebreak_to': 10, 'datetime': '2025-01-26 08:30:00'}"
2025-03-19 03:54:40.558872+00:00,1-8-53-2-0,1,8,53,0,0,0,2,0,1,False,False,2,1.0,3.0,True,2.0,1.0,2.0,1.0,2.0,1.0,"{'player1_name': 'Jannik Sinner', 'player2_name': 'Alexander Zverev', 'server': 1, 'match_best_of': 5, 'set_num_games': 6, 'set_tiebreak_to': 7, 'match_tiebreak': False, 'match_tiebreak_to': 10, 'datetime': '2025-01-26 08:30:00'}"
2025-03-19 03:55:11.884873+00:00,1-8-54-2-1,1,8,54,0,0,1,2,1,2,False,False,2,1.0,3.0,True,2.0,1.0,2.0,2.0,1.0,1.0,"{'player1_name': 'Jannik Sinner', 'player2_name': 'Alexander Zverev', 'server': 1, 'match_best_of': 5, 'set_num_games': 6, 'set_tiebreak_to': 7, 'match_tiebreak': False, 'match_tiebreak_to': 10, 'datetime': '2025-01-26 08:30:00'}"
2025-03-19 03:55:43.771138+00:00,1-8-55-2-0,1,8,55,0,0,0,2,0,1,False,False,2,1.0,3.0,False,,,4.0,3.0,2.0,1.0,"{'player1_name': 'Jannik Sinner', 'player2_name': 'Alexander Zverev', 'server': 1, 'match_best_of': 5, 'set_num_games': 6, 'set_tiebreak_to': 7, 'match_tiebreak': False, 'match_tiebreak_to': 10, 'datetime': '2025-01-26 08:30:00'}"
2025-03-19 03:56:20.354473+00:00,1-8-56-2-1,1,8,56,0,0,1,2,1,1,False,False,2,1.0,1.0,True,2.0,1.0,4.0,2.0,2.0,4.0,"{'player1_name': 'Jannik Sinner', 'player2_name': 'Alexander Zverev', 'server': 1, 'match_best_of': 5, 'set_num_games': 6, 'set_tiebreak_to': 7, 'match_tiebreak': False, 'match_tiebreak_to': 10, 'datetime': '2025-01-26 08:30:00'}"
2025-03-19 03:56:36.433521+00:00,1-9-57-1-0,1,9,57,0,0,0,1,0,1,True,False,1,1.0,1.0,False,,,1.0,1.0,,,"{'player1_name': 'Jannik Sinner', 'player2_name': 'Alexander Zverev', 'server': 1, 'match_best_of': 5, 'set_num_games': 6, 'set_tiebreak_to': 7, 'match_tiebreak': False, 'match_tiebreak_to': 10, 'datetime': '2025-01-26 08:30:00'}"
2025-03-19 03:57:27.172331+00:00,1-9-58-1-1,1,9,58,0,0,0,1,1,1,False,False,3,2.0,2.0,False,,,4.0,2.0,2.0,2.0,"{'player1_name': 'Jannik Sinner', 'player2_name': 'Alexander Zverev', 'server': 1, 'match_best_of': 5, 'set_num_games': 6, 'set_tiebreak_to': 7, 'match_tiebreak': False, 'match_tiebreak_to': 10, 'datetime': '2025-01-26 08:30:00'}"
2025-03-19 03:58:01.586128+00:00,1-9-59-1-0,1,9,59,0,0,0,1,0,1,False,False,2,1.0,2.0,True,1.0,1.0,4.0,1.0,2.0,4.0,"{'player1_name': 'Jannik Sinner', 'player2_name': 'Alexander Zverev', 'server': 1, 'match_best_of': 5, 'set_num_games': 6, 'set_tiebreak_to': 7, 'match_tiebreak': False, 'match_tiebreak_to': 10, 'datetime': '2025-01-26 08:30:00'}"
2025-03-19 03:58:46.860207+00:00,1-9-60-1-1,1,9,60,0,1,0,1,1,1,True,False,1,1.0,3.0,False,,,1.0,1.0,,,"{'player1_name': 'Jannik Sinner', 'player2_name': 'Alexander Zverev', 'server': 1, 'match_best_of': 5, 'set_num_games': 6, 'set_tiebreak_to': 7, 'match_tiebreak': False, 'match_tiebreak_to': 10, 'datetime': '2025-01-26 08:30:00'}"
2025-03-19 04:01:48.374026+00:00,2-10-61-2-0,2,10,61,0,0,0,2,0,1,False,False,2,2.0,2.0,False,,,2.0,3.0,2.0,1.0,"{'player1_name': 'Jannik Sinner', 'player2_name': 'Alexander Zverev', 'server': 1, 'match_best_of': 5, 'set_num_games': 6, 'set_tiebreak_to': 7, 'match_tiebreak': False, 'match_tiebreak_to': 10, 'datetime': '2025-01-26 08:30:00'}"
2025-03-19 04:02:28.282424+00:00,2-10-62-2-1,2,10,62,0,0,0,2,1,2,False,False,3,2.0,2.0,False,,,3.0,2.0,2.0,1.0,"{'player1_name': 'Jannik Sinner', 'player2_name': 'Alexander Zverev', 'server': 1, 'match_best_of': 5, 'set_num_games': 6, 'set_tiebreak_to': 7, 'match_tiebreak': False, 'match_tiebreak_to': 10, 'datetime': '2025-01-26 08:30:00'}"
2025-03-19 04:02:51.200821+00:00,2-10-63-2-0,2,10,63,0,0,0,2,0,2,False,False,2,1.0,1.0,False,,,2.0,1.0,2.0,1.0,"{'player1_name': 'Jannik Sinner', 'player2_name': 'Alexander Zverev', 'server': 1, 'match_best_of': 5, 'set_num_games': 6, 'set_tiebreak_to': 7, 'match_tiebreak': False, 'match_tiebreak_to': 10, 'datetime': '2025-01-26 08:30:00'}"
2025-03-19 04:03:55.204235+00:00,2-10-64-2-1,2,10,64,0,0,0,2,1,2,False,False,3,2.0,1.0,False,,,2.0,2.0,2.0,1.0,"{'player1_name': 'Jannik Sinner', 'player2_name': 'Alexander Zverev', 'server': 1, 'match_best_of': 5, 'set_num_games': 6, 'set_tiebreak_to': 7, 'match_tiebreak': False, 'match_tiebreak_to': 10, 'datetime': '2025-01-26 08:30:00'}"
2025-03-19 04:04:26.374465+00:00,2-10-65-2-0,2,10,65,0,0,0,2,0,1,False,False,2,1.0,3.0,True,2.0,1.0,2.0,3.0,1.0,3.0,"{'player1_name': 'Jannik Sinner', 'player2_name': 'Alexander Zverev', 'server': 1, 'match_best_of': 5, 'set_num_games': 6, 'set_tiebreak_to': 7, 'match_tiebreak': False, 'match_tiebreak_to': 10, 'datetime': '2025-01-26 08:30:00'}"
2025-03-19 04:05:01.628634+00:00,2-10-66-2-1,2,10,66,0,0,0,2,1,2,True,False,1,1.0,1.0,False,,,1.0,1.0,,,"{'player1_name': 'Jannik Sinner', 'player2_name': 'Alexander Zverev', 'server': 1, 'match_best_of': 5, 'set_num_games': 6, 'set_tiebreak_to': 7, 'match_tiebreak': False, 'match_tiebreak_to': 10, 'datetime': '2025-01-26 08:30:00'}"
2025-03-19 04:06:05.601339+00:00,2-11-67-1-0,2,11,67,0,0,0,1,0,1,False,False,2,1.0,3.0,False,,,1.0,2.0,1.0,1.0,"{'player1_name': 'Jannik Sinner', 'player2_name': 'Alexander Zverev', 'server': 1, 'match_best_of': 5, 'set_num_games': 6, 'set_tiebreak_to': 7, 'match_tiebreak': False, 'match_tiebreak_to': 10, 'datetime': '2025-01-26 08:30:00'}"
2025-03-19 04:06:33.573897+00:00,2-11-68-1-1,2,11,68,0,0,0,1,1,2,False,False,3,2.0,2.0,False,,,4.0,2.0,1.0,1.0,"{'player1_name': 'Jannik Sinner', 'player2_name': 'Alexander Zverev', 'server': 1, 'match_best_of': 5, 'set_num_games': 6, 'set_tiebreak_to': 7, 'match_tiebreak': False, 'match_tiebreak_to': 10, 'datetime': '2025-01-26 08:30:00'}"
2025-03-19 04:07:03.575492+00:00,2-11-69-1-0,2,11,69,0,0,0,1,0,1,False,False,2,1.0,3.0,False,,,2.0,2.0,2.0,1.0,"{'player1_name': 'Jannik Sinner', 'player2_name': 'Alexander Zverev', 'server': 1, 'match_best_of': 5, 'set_num_games': 6, 'set_tiebreak_to': 7, 'match_tiebreak': False, 'match_tiebreak_to': 10, 'datetime': '2025-01-26 08:30:00'}"
2025-03-19 04:07:21.237270+00:00,2-11-70-1-1,2,11,70,0,0,0,1,1,1,False,False,2,1.0,3.0,False,,,1.0,2.0,2.0,1.0,"{'player1_name': 'Jannik Sinner', 'player2_name': 'Alexander Zverev', 'server': 1, 'match_best_of': 5, 'set_num_games': 6, 'set_tiebreak_to': 7, 'match_tiebreak': False, 'match_tiebreak_to': 10, 'datetime': '2025-01-26 08:30:00'}"
2025-03-19 04:07:45.307928+00:00,2-11-71-1-0,2,11,71,0,0,0,1,0,1,False,False,2,1.0,2.0,False,,,3.0,3.0,2.0,1.0,"{'player1_name': 'Jannik Sinner', 'player2_name': 'Alexander Zverev', 'server': 1, 'match_best_of': 5, 'set_num_games': 6, 'set_tiebreak_to': 7, 'match_tiebreak': False, 'match_tiebreak_to': 10, 'datetime': '2025-01-26 08:30:00'}"
2025-03-19 04:08:54.862760+00:00,2-12-72-2-0,2,12,72,0,0,0,2,0,1,False,False,3,3.0,2.0,False,,,4.0,3.0,1.0,1.0,"{'player1_name': 'Jannik Sinner', 'player2_name': 'Alexander Zverev', 'server': 1, 'match_best_of': 5, 'set_num_games': 6, 'set_tiebreak_to': 7, 'match_tiebreak': False, 'match_tiebreak_to': 10, 'datetime': '2025-01-26 08:30:00'}"
2025-03-19 04:10:07.889005+00:00,2-12-73-2-1,2,12,73,0,0,0,2,1,1,False,False,3,2.0,3.0,True,2.0,1.0,2.0,3.0,2.0,4.0,"{'player1_name': 'Jannik Sinner', 'player2_name': 'Alexander Zverev', 'server': 1, 'match_best_of': 5, 'set_num_games': 6, 'set_tiebreak_to': 7, 'match_tiebreak': False, 'match_tiebreak_to': 10, 'datetime': '2025-01-26 08:30:00'}"
2025-03-19 04:11:07.412830+00:00,2-12-74-2-0,2,12,74,0,0,0,2,0,2,False,False,2,1.0,1.0,False,,,3.0,3.0,1.0,1.0,"{'player1_name': 'Jannik Sinner', 'player2_name': 'Alexander Zverev', 'server': 1, 'match_best_of': 5, 'set_num_games': 6, 'set_tiebreak_to': 7, 'match_tiebreak': False, 'match_tiebreak_to': 10, 'datetime': '2025-01-26 08:30:00'}"
2025-03-19 04:13:03.433832+00:00,2-12-75-2-1,2,12,75,0,0,0,2,1,1,False,True,4,,,False,,,1.0,,,,"{'player1_name': 'Jannik Sinner', 'player2_name': 'Alexander Zverev', 'server': 1, 'match_best_of': 5, 'set_num_games': 6, 'set_tiebreak_to': 7, 'match_tiebreak': False, 'match_tiebreak_to': 10, 'datetime': '2025-01-26 08:30:00'}"
2025-03-19 04:13:40.173518+00:00,2-12-76-2-0,2,12,76,0,0,1,2,0,2,False,False,2,1.0,3.0,True,2.0,1.0,2.0,1.0,1.0,3.0,"{'player1_name': 'Jannik Sinner', 'player2_name': 'Alexander Zverev', 'server': 1, 'match_best_of': 5, 'set_num_games': 6, 'set_tiebreak_to': 7, 'match_tiebreak': False, 'match_tiebreak_to': 10, 'datetime': '2025-01-26 08:30:00'}"
2025-03-19 04:14:21.745488+00:00,2-12-77-2-1,2,12,77,0,0,1,2,1,2,False,False,2,1.0,3.0,True,2.0,1.0,3.0,1.0,1.0,3.0,"{'player1_name': 'Jannik Sinner', 'player2_name': 'Alexander Zverev', 'server': 1, 'match_best_of': 5, 'set_num_games': 6, 'set_tiebreak_to': 7, 'match_tiebreak': False, 'match_tiebreak_to': 10, 'datetime': '2025-01-26 08:30:00'}"
2025-03-19 04:14:41.159945+00:00,2-12-78-2-0,2,12,78,0,0,0,2,0,2,True,False,1,1.0,1.0,False,,,1.0,1.0,,,"{'player1_name': 'Jannik Sinner', 'player2_name': 'Alexander Zverev', 'server': 1, 'match_best_of': 5, 'set_num_games': 6, 'set_tiebreak_to': 7, 'match_tiebreak': False, 'match_tiebreak_to': 10, 'datetime': '2025-01-26 08:30:00'}"
2025-03-19 04:15:34.648699+00:00,2-12-79-2-1,2,12,79,0,0,0,2,1,2,False,False,2,1.0,3.0,True,1.0,2.0,4.0,2.0,1.0,1.0,"{'player1_name': 'Jannik Sinner', 'player2_name': 'Alexander Zverev', 'server': 1, 'match_best_of': 5, 'set_num_games': 6, 'set_tiebreak_to': 7, 'match_tiebreak': False, 'match_tiebreak_to': 10, 'datetime': '2025-01-26 08:30:00'}"
2025-03-19 04:16:47.461892+00:00,2-13-80-1-0,2,13,80,0,0,0,1,0,1,False,False,3,2.0,2.0,False,,,4.0,2.0,2.0,1.0,"{'player1_name': 'Jannik Sinner', 'player2_name': 'Alexander Zverev', 'server': 1, 'match_best_of': 5, 'set_num_games': 6, 'set_tiebreak_to': 7, 'match_tiebreak': False, 'match_tiebreak_to': 10, 'datetime': '2025-01-26 08:30:00'}"
2025-03-19 04:17:30.468444+00:00,2-13-81-1-1,2,13,81,0,0,0,1,1,1,False,False,3,2.0,2.0,False,,,2.0,1.0,1.0,1.0,"{'player1_name': 'Jannik Sinner', 'player2_name': 'Alexander Zverev', 'server': 1, 'match_best_of': 5, 'set_num_games': 6, 'set_tiebreak_to': 7, 'match_tiebreak': False, 'match_tiebreak_to': 10, 'datetime': '2025-01-26 08:30:00'}"
2025-03-19 04:17:58.936212+00:00,2-13-82-1-0,2,13,82,0,0,0,1,0,1,False,False,2,1.0,3.0,True,1.0,1.0,2.0,2.0,2.0,6.0,"{'player1_name': 'Jannik Sinner', 'player2_name': 'Alexander Zverev', 'server': 1, 'match_best_of': 5, 'set_num_games': 6, 'set_tiebreak_to': 7, 'match_tiebreak': False, 'match_tiebreak_to': 10, 'datetime': '2025-01-26 08:30:00'}"
2025-03-19 04:18:27.684338+00:00,2-13-83-1-1,2,13,83,0,0,0,1,1,1,False,False,3,2.0,3.0,False,,,1.0,2.0,2.0,1.0,"{'player1_name': 'Jannik Sinner', 'player2_name': 'Alexander Zverev', 'server': 1, 'match_best_of': 5, 'set_num_games': 6, 'set_tiebreak_to': 7, 'match_tiebreak': False, 'match_tiebreak_to': 10, 'datetime': '2025-01-26 08:30:00'}"
2025-03-19 04:19:19.047182+00:00,2-14-84-2-0,2,14,84,0,0,0,2,0,2,False,False,2,1.0,2.0,True,2.0,1.0,4.0,3.0,2.0,1.0,"{'player1_name': 'Jannik Sinner', 'player2_name': 'Alexander Zverev', 'server': 1, 'match_best_of': 5, 'set_num_games': 6, 'set_tiebreak_to': 7, 'match_tiebreak': False, 'match_tiebreak_to': 10, 'datetime': '2025-01-26 08:30:00'}"
2025-03-19 04:19:48.190803+00:00,2-14-85-2-1,2,14,85,0,0,0,2,1,1,False,True,4,,,False,,,1.0,,,,"{'player1_name': 'Jannik Sinner', 'player2_name': 'Alexander Zverev', 'server': 1, 'match_best_of': 5, 'set_num_games': 6, 'set_tiebreak_to': 7, 'match_tiebreak': False, 'match_tiebreak_to': 10, 'datetime': '2025-01-26 08:30:00'}"
2025-03-19 04:20:20.908060+00:00,2-14-86-2-0,2,14,86,0,0,0,2,0,2,False,False,2,1.0,2.0,False,,,2.0,2.0,1.0,1.0,"{'player1_name': 'Jannik Sinner', 'player2_name': 'Alexander Zverev', 'server': 1, 'match_best_of': 5, 'set_num_games': 6, 'set_tiebreak_to': 7, 'match_tiebreak': False, 'match_tiebreak_to': 10, 'datetime': '2025-01-26 08:30:00'}"
2025-03-19 04:20:33.517996+00:00,2-14-87-2-1,2,14,87,0,0,0,2,1,2,True,False,1,1.0,1.0,False,,,1.0,1.0,,,"{'player1_name': 'Jannik Sinner', 'player2_name': 'Alexander Zverev', 'server': 1, 'match_best_of': 5, 'set_num_games': 6, 'set_tiebreak_to': 7, 'match_tiebreak': False, 'match_tiebreak_to': 10, 'datetime': '2025-01-26 08:30:00'}"
2025-03-19 04:20:51.835432+00:00,2-14-88-2-0,2,14,88,0,0,0,2,0,1,False,False,2,1.0,3.0,False,,,2.0,3.0,2.0,1.0,"{'player1_name': 'Jannik Sinner', 'player2_name': 'Alexander Zverev', 'server': 1, 'match_best_of': 5, 'set_num_games': 6, 'set_tiebreak_to': 7, 'match_tiebreak': False, 'match_tiebreak_to': 10, 'datetime': '2025-01-26 08:30:00'}"
2025-03-19 04:21:36.374910+00:00,2-14-89-2-1,2,14,89,0,0,0,2,1,2,False,False,3,2.0,3.0,True,2.0,1.0,2.0,2.0,2.0,1.0,"{'player1_name': 'Jannik Sinner', 'player2_name': 'Alexander Zverev', 'server': 1, 'match_best_of': 5, 'set_num_games': 6, 'set_tiebreak_to': 7, 'match_tiebreak': False, 'match_tiebreak_to': 10, 'datetime': '2025-01-26 08:30:00'}"
2025-03-19 04:24:29.049939+00:00,2-15-90-1-0,2,15,90,0,0,0,1,0,1,False,False,3,2.0,2.0,True,2.0,2.0,4.0,1.0,1.0,5.0,"{'player1_name': 'Jannik Sinner', 'player2_name': 'Alexander Zverev', 'server': 1, 'match_best_of': 5, 'set_num_games': 6, 'set_tiebreak_to': 7, 'match_tiebreak': False, 'match_tiebreak_to': 10, 'datetime': '2025-01-26 08:30:00'}"
2025-03-19 04:24:54.575215+00:00,2-15-91-1-1,2,15,91,0,0,0,1,1,1,False,False,2,1.0,3.0,False,,,,2.0,2.0,1.0,"{'player1_name': 'Jannik Sinner', 'player2_name': 'Alexander Zverev', 'server': 1, 'match_best_of': 5, 'set_num_games': 6, 'set_tiebreak_to': 7, 'match_tiebreak': False, 'match_tiebreak_to': 10, 'datetime': '2025-01-26 08:30:00'}"
2025-03-19 04:25:16.790618+00:00,2-15-92-1-0,2,15,92,0,0,0,1,0,2,False,True,4,,,False,,,1.0,,,,"{'player1_name': 'Jannik Sinner', 'player2_name': 'Alexander Zverev', 'server': 1, 'match_best_of': 5, 'set_num_games': 6, 'set_tiebreak_to': 7, 'match_tiebreak': False, 'match_tiebreak_to': 10, 'datetime': '2025-01-26 08:30:00'}"
2025-03-19 04:26:27.485876+00:00,2-15-93-1-1,2,15,93,0,0,0,1,1,2,False,False,3,2.0,2.0,False,,,4.0,2.0,1.0,1.0,"{'player1_name': 'Jannik Sinner', 'player2_name': 'Alexander Zverev', 'server': 1, 'match_best_of': 5, 'set_num_games': 6, 'set_tiebreak_to': 7, 'match_tiebreak': False, 'match_tiebreak_to': 10, 'datetime': '2025-01-26 08:30:00'}"
2025-03-19 04:26:58.029368+00:00,2-15-94-1-0,2,15,94,0,0,0,1,0,1,False,False,2,1.0,3.0,True,2.0,2.0,3.0,2.0,2.0,2.0,"{'player1_name': 'Jannik Sinner', 'player2_name': 'Alexander Zverev', 'server': 1, 'match_best_of': 5, 'set_num_games': 6, 'set_tiebreak_to': 7, 'match_tiebreak': False, 'match_tiebreak_to': 10, 'datetime': '2025-01-26 08:30:00'}"
2025-03-19 04:27:23.721308+00:00,2-15-95-1-1,2,15,95,0,0,0,1,1,1,False,False,2,1.0,3.0,False,,,2.0,2.0,2.0,1.0,"{'player1_name': 'Jannik Sinner', 'player2_name': 'Alexander Zverev', 'server': 1, 'match_best_of': 5, 'set_num_games': 6, 'set_tiebreak_to': 7, 'match_tiebreak': False, 'match_tiebreak_to': 10, 'datetime': '2025-01-26 08:30:00'}"
2025-03-19 04:28:11.498991+00:00,2-16-96-2-0,2,16,96,0,0,0,2,0,2,False,False,2,1.0,3.0,True,2.0,1.0,3.0,2.0,1.0,7.0,"{'player1_name': 'Jannik Sinner', 'player2_name': 'Alexander Zverev', 'server': 1, 'match_best_of': 5, 'set_num_games': 6, 'set_tiebreak_to': 7, 'match_tiebreak': False, 'match_tiebreak_to': 10, 'datetime': '2025-01-26 08:30:00'}"
2025-03-19 04:28:44.477867+00:00,2-16-97-2-1,2,16,97,0,0,0,2,1,1,False,False,2,1.0,1.0,False,,,2.0,3.0,2.0,1.0,"{'player1_name': 'Jannik Sinner', 'player2_name': 'Alexander Zverev', 'server': 1, 'match_best_of': 5, 'set_num_games': 6, 'set_tiebreak_to': 7, 'match_tiebreak': False, 'match_tiebreak_to': 10, 'datetime': '2025-01-26 08:30:00'}"
2025-03-19 04:29:26.175364+00:00,2-16-98-2-0,2,16,98,0,0,0,2,0,2,True,False,1,1.0,3.0,False,,,1.0,1.0,,,"{'player1_name': 'Jannik Sinner', 'player2_name': 'Alexander Zverev', 'server': 1, 'match_best_of': 5, 'set_num_games': 6, 'set_tiebreak_to': 7, 'match_tiebreak': False, 'match_tiebreak_to': 10, 'datetime': '2025-01-26 08:30:00'}"
2025-03-19 04:30:05.647088+00:00,2-16-99-2-1,2,16,99,0,0,0,2,1,1,False,False,3,2.0,1.0,False,,,2.0,2.0,2.0,1.0,"{'player1_name': 'Jannik Sinner', 'player2_name': 'Alexander Zverev', 'server': 1, 'match_best_of': 5, 'set_num_games': 6, 'set_tiebreak_to': 7, 'match_tiebreak': False, 'match_tiebreak_to': 10, 'datetime': '2025-01-26 08:30:00'}"
2025-03-19 04:31:31.420568+00:00,2-16-100-2-0,2,16,100,0,0,0,2,0,2,False,False,3,2.0,1.0,True,2.0,2.0,4.0,1.0,2.0,1.0,"{'player1_name': 'Jannik Sinner', 'player2_name': 'Alexander Zverev', 'server': 1, 'match_best_of': 5, 'set_num_games': 6, 'set_tiebreak_to': 7, 'match_tiebreak': False, 'match_tiebreak_to': 10, 'datetime': '2025-01-26 08:30:00'}"
2025-03-19 04:32:22.774191+00:00,2-16-101-2-1,2,16,101,0,0,0,2,1,2,False,False,3,2.0,2.0,False,,,2.0,2.0,2.0,1.0,"{'player1_name': 'Jannik Sinner', 'player2_name': 'Alexander Zverev', 'server': 1, 'match_best_of': 5, 'set_num_games': 6, 'set_tiebreak_to': 7, 'match_tiebreak': False, 'match_tiebreak_to': 10, 'datetime': '2025-01-26 08:30:00'}"
2025-03-19 04:33:16.592746+00:00,2-17-102-1-0,2,17,102,0,0,0,1,0,1,False,False,3,2.0,2.0,True,2.0,1.0,4.0,1.0,1.0,1.0,"{'player1_name': 'Jannik Sinner', 'player2_name': 'Alexander Zverev', 'server': 1, 'match_best_of': 5, 'set_num_games': 6, 'set_tiebreak_to': 7, 'match_tiebreak': False, 'match_tiebreak_to': 10, 'datetime': '2025-01-26 08:30:00'}"
2025-03-19 04:34:22.564337+00:00,2-17-103-1-1,2,17,103,0,0,0,1,1,1,False,False,2,1.0,1.0,False,,,3.0,3.0,2.0,1.0,"{'player1_name': 'Jannik Sinner', 'player2_name': 'Alexander Zverev', 'server': 1, 'match_best_of': 5, 'set_num_games': 6, 'set_tiebreak_to': 7, 'match_tiebreak': False, 'match_tiebreak_to': 10, 'datetime': '2025-01-26 08:30:00'}"
2025-03-19 04:34:46.850942+00:00,2-17-104-1-0,2,17,104,0,0,0,1,0,1,False,False,2,1.0,1.0,False,,,2.0,1.0,1.0,1.0,"{'player1_name': 'Jannik Sinner', 'player2_name': 'Alexander Zverev', 'server': 1, 'match_best_of': 5, 'set_num_games': 6, 'set_tiebreak_to': 7, 'match_tiebreak': False, 'match_tiebreak_to': 10, 'datetime': '2025-01-26 08:30:00'}"
2025-03-19 04:35:29.183459+00:00,2-17-105-1-1,2,17,105,0,0,0,1,1,2,False,False,3,2.0,3.0,False,,,3.0,2.0,1.0,1.0,"{'player1_name': 'Jannik Sinner', 'player2_name': 'Alexander Zverev', 'server': 1, 'match_best_of': 5, 'set_num_games': 6, 'set_tiebreak_to': 7, 'match_tiebreak': False, 'match_tiebreak_to': 10, 'datetime': '2025-01-26 08:30:00'}"
2025-03-19 04:35:53.827124+00:00,2-17-106-1-0,2,17,106,0,0,0,1,0,1,False,False,2,1.0,1.0,False,,,4.0,2.0,1.0,1.0,"{'player1_name': 'Jannik Sinner', 'player2_name': 'Alexander Zverev', 'server': 1, 'match_best_of': 5, 'set_num_games': 6, 'set_tiebreak_to': 7, 'match_tiebreak': False, 'match_tiebreak_to': 10, 'datetime': '2025-01-26 08:30:00'}"
2025-03-19 04:36:27.949737+00:00,2-18-107-2-0,2,18,107,0,0,0,2,0,2,False,False,2,1.0,3.0,True,2.0,1.0,2.0,2.0,1.0,1.0,"{'player1_name': 'Jannik Sinner', 'player2_name': 'Alexander Zverev', 'server': 1, 'match_best_of': 5, 'set_num_games': 6, 'set_tiebreak_to': 7, 'match_tiebreak': False, 'match_tiebreak_to': 10, 'datetime': '2025-01-26 08:30:00'}"
2025-03-19 04:36:40.306668+00:00,2-18-108-2-1,2,18,108,0,0,0,2,1,2,True,False,1,1.0,1.0,False,,,1.0,1.0,,,"{'player1_name': 'Jannik Sinner', 'player2_name': 'Alexander Zverev', 'server': 1, 'match_best_of': 5, 'set_num_games': 6, 'set_tiebreak_to': 7, 'match_tiebreak': False, 'match_tiebreak_to': 10, 'datetime': '2025-01-26 08:30:00'}"
2025-03-19 04:37:04.472571+00:00,2-18-109-2-0,2,18,109,0,0,0,2,0,2,False,False,2,1.0,1.0,False,,,3.0,2.0,2.0,2.0,"{'player1_name': 'Jannik Sinner', 'player2_name': 'Alexander Zverev', 'server': 1, 'match_best_of': 5, 'set_num_games': 6, 'set_tiebreak_to': 7, 'match_tiebreak': False, 'match_tiebreak_to': 10, 'datetime': '2025-01-26 08:30:00'}"
2025-03-19 04:37:34.241220+00:00,2-18-110-2-1,2,18,110,0,0,0,2,1,1,False,False,2,1.0,3.0,False,,,4.0,2.0,2.0,1.0,"{'player1_name': 'Jannik Sinner', 'player2_name': 'Alexander Zverev', 'server': 1, 'match_best_of': 5, 'set_num_games': 6, 'set_tiebreak_to': 7, 'match_tiebreak': False, 'match_tiebreak_to': 10, 'datetime': '2025-01-26 08:30:00'}"
2025-03-19 04:37:58.423041+00:00,2-18-111-2-0,2,18,111,0,0,0,2,0,2,False,False,2,1.0,3.0,False,,,1.0,2.0,1.0,1.0,"{'player1_name': 'Jannik Sinner', 'player2_name': 'Alexander Zverev', 'server': 1, 'match_best_of': 5, 'set_num_games': 6, 'set_tiebreak_to': 7, 'match_tiebreak': False, 'match_tiebreak_to': 10, 'datetime': '2025-01-26 08:30:00'}"
2025-03-19 04:38:39.976299+00:00,2-19-112-1-0,2,19,112,0,0,0,1,0,2,False,False,3,2.0,2.0,False,,,2.0,3.0,1.0,1.0,"{'player1_name': 'Jannik Sinner', 'player2_name': 'Alexander Zverev', 'server': 1, 'match_best_of': 5, 'set_num_games': 6, 'set_tiebreak_to': 7, 'match_tiebreak': False, 'match_tiebreak_to': 10, 'datetime': '2025-01-26 08:30:00'}"
2025-03-19 04:39:11.928185+00:00,2-19-113-1-1,2,19,113,0,0,0,1,1,2,False,False,3,2.0,3.0,False,,,2.0,2.0,2.0,1.0,"{'player1_name': 'Jannik Sinner', 'player2_name': 'Alexander Zverev', 'server': 1, 'match_best_of': 5, 'set_num_games': 6, 'set_tiebreak_to': 7, 'match_tiebreak': False, 'match_tiebreak_to': 10, 'datetime': '2025-01-26 08:30:00'}"
2025-03-19 04:39:55.572236+00:00,2-19-114-1-0,2,19,114,0,0,0,1,0,1,False,False,2,1.0,3.0,True,1.0,1.0,2.0,1.0,1.0,4.0,"{'player1_name': 'Jannik Sinner', 'player2_name': 'Alexander Zverev', 'server': 1, 'match_best_of': 5, 'set_num_games': 6, 'set_tiebreak_to': 7, 'match_tiebreak': False, 'match_tiebreak_to': 10, 'datetime': '2025-01-26 08:30:00'}"
2025-03-19 04:40:14.714798+00:00,2-19-115-1-1,2,19,115,0,0,0,1,1,1,False,False,2,1.0,1.0,False,,,1.0,2.0,1.0,7.0,"{'player1_name': 'Jannik Sinner', 'player2_name': 'Alexander Zverev', 'server': 1, 'match_best_of': 5, 'set_num_games': 6, 'set_tiebreak_to': 7, 'match_tiebreak': False, 'match_tiebreak_to': 10, 'datetime': '2025-01-26 08:30:00'}"
2025-03-19 04:40:59.689299+00:00,2-19-116-1-0,2,19,116,0,0,0,1,0,1,False,False,2,1.0,3.0,False,,,1.0,2.0,1.0,1.0,"{'player1_name': 'Jannik Sinner', 'player2_name': 'Alexander Zverev', 'server': 1, 'match_best_of': 5, 'set_num_games': 6, 'set_tiebreak_to': 7, 'match_tiebreak': False, 'match_tiebreak_to': 10, 'datetime': '2025-01-26 08:30:00'}"
2025-03-19 04:41:37.103686+00:00,2-19-117-1-1,2,19,117,0,0,0,1,1,1,False,False,3,2.0,1.0,False,,,3.0,2.0,2.0,1.0,"{'player1_name': 'Jannik Sinner', 'player2_name': 'Alexander Zverev', 'server': 1, 'match_best_of': 5, 'set_num_games': 6, 'set_tiebreak_to': 7, 'match_tiebreak': False, 'match_tiebreak_to': 10, 'datetime': '2025-01-26 08:30:00'}"
2025-03-19 04:41:58.483955+00:00,2-20-118-2-0,2,20,118,0,0,0,2,0,2,False,False,2,1.0,1.0,False,,,1.0,2.0,2.0,7.0,"{'player1_name': 'Jannik Sinner', 'player2_name': 'Alexander Zverev', 'server': 1, 'match_best_of': 5, 'set_num_games': 6, 'set_tiebreak_to': 7, 'match_tiebreak': False, 'match_tiebreak_to': 10, 'datetime': '2025-01-26 08:30:00'}"
2025-03-19 04:42:30.869104+00:00,2-20-119-2-1,2,20,119,0,0,0,2,1,2,False,False,3,2.0,3.0,False,,,3.0,3.0,1.0,7.0,"{'player1_name': 'Jannik Sinner', 'player2_name': 'Alexander Zverev', 'server': 1, 'match_best_of': 5, 'set_num_games': 6, 'set_tiebreak_to': 7, 'match_tiebreak': False, 'match_tiebreak_to': 10, 'datetime': '2025-01-26 08:30:00'}"
2025-03-19 04:42:44.755726+00:00,2-20-120-2-0,2,20,120,0,0,0,2,0,2,True,False,1,1.0,3.0,False,,,1.0,1.0,,,"{'player1_name': 'Jannik Sinner', 'player2_name': 'Alexander Zverev', 'server': 1, 'match_best_of': 5, 'set_num_games': 6, 'set_tiebreak_to': 7, 'match_tiebreak': False, 'match_tiebreak_to': 10, 'datetime': '2025-01-26 08:30:00'}"
2025-03-19 04:43:47.278299+00:00,2-20-121-2-1,2,20,121,0,0,0,2,1,1,False,False,2,1.0,1.0,False,,,2.0,2.0,1.0,1.0,"{'player1_name': 'Jannik Sinner', 'player2_name': 'Alexander Zverev', 'server': 1, 'match_best_of': 5, 'set_num_games': 6, 'set_tiebreak_to': 7, 'match_tiebreak': False, 'match_tiebreak_to': 10, 'datetime': '2025-01-26 08:30:00'}"
2025-03-19 04:44:31.555338+00:00,2-20-122-2-0,2,20,122,0,0,0,2,0,2,False,False,2,1.0,1.0,False,,,4.0,2.0,1.0,7.0,"{'player1_name': 'Jannik Sinner', 'player2_name': 'Alexander Zverev', 'server': 1, 'match_best_of': 5, 'set_num_games': 6, 'set_tiebreak_to': 7, 'match_tiebreak': False, 'match_tiebreak_to': 10, 'datetime': '2025-01-26 08:30:00'}"
2025-03-19 04:47:02.145854+00:00,2-21-123-1-0,2,21,123,0,0,0,1,0,1,False,False,2,1.0,1.0,False,,,2.0,2.0,2.0,1.0,"{'player1_name': 'Jannik Sinner', 'player2_name': 'Alexander Zverev', 'server': 1, 'match_best_of': 5, 'set_num_games': 6, 'set_tiebreak_to': 7, 'match_tiebreak': False, 'match_tiebreak_to': 10, 'datetime': '2025-01-26 08:30:00'}"
2025-03-19 04:49:18.799024+00:00,2-21-124-1-1,2,21,124,0,0,0,1,1,1,False,False,3,2.0,3.0,False,,,1.0,2.0,2.0,1.0,"{'player1_name': 'Jannik Sinner', 'player2_name': 'Alexander Zverev', 'server': 1, 'match_best_of': 5, 'set_num_games': 6, 'set_tiebreak_to': 7, 'match_tiebreak': False, 'match_tiebreak_to': 10, 'datetime': '2025-01-26 08:30:00'}"
2025-03-19 04:49:47.959935+00:00,2-21-125-1-0,2,21,125,0,0,0,1,0,2,False,False,3,2.0,2.0,False,,,1.0,1.0,1.0,1.0,"{'player1_name': 'Jannik Sinner', 'player2_name': 'Alexander Zverev', 'server': 1, 'match_best_of': 5, 'set_num_games': 6, 'set_tiebreak_to': 7, 'match_tiebreak': False, 'match_tiebreak_to': 10, 'datetime': '2025-01-26 08:30:00'}"
2025-03-19 04:50:31.863592+00:00,2-21-126-1-1,2,21,126,0,0,0,1,1,2,False,False,3,2.0,2.0,False,,,4.0,3.0,1.0,5.0,"{'player1_name': 'Jannik Sinner', 'player2_name': 'Alexander Zverev', 'server': 1, 'match_best_of': 5, 'set_num_games': 6, 'set_tiebreak_to': 7, 'match_tiebreak': False, 'match_tiebreak_to': 10, 'datetime': '2025-01-26 08:30:00'}"
2025-03-19 04:51:27.464428+00:00,2-21-127-1-0,2,21,127,0,0,0,1,0,1,False,False,3,3.0,2.0,True,2.0,2.0,4.0,1.0,2.0,1.0,"{'player1_name': 'Jannik Sinner', 'player2_name': 'Alexander Zverev', 'server': 1, 'match_best_of': 5, 'set_num_games': 6, 'set_tiebreak_to': 7, 'match_tiebreak': False, 'match_tiebreak_to': 10, 'datetime': '2025-01-26 08:30:00'}"
2025-03-19 05:02:07.644510+00:00,2-21-128-1-1,2,21,128,0,0,0,1,1,1,False,False,3,2.0,1.0,False,,,4.0,2.0,1.0,1.0,"{'player1_name': 'Jannik Sinner', 'player2_name': 'Alexander Zverev', 'server': 1, 'match_best_of': 5, 'set_num_games': 6, 'set_tiebreak_to': 7, 'match_tiebreak': False, 'match_tiebreak_to': 10, 'datetime': '2025-01-26 08:30:00'}"
2025-03-19 05:02:51.635300+00:00,2-22-129-2-0,2,22,129,0,0,0,2,0,2,False,False,2,1.0,3.0,False,,,3.0,2.0,2.0,7.0,"{'player1_name': 'Jannik Sinner', 'player2_name': 'Alexander Zverev', 'server': 1, 'match_best_of': 5, 'set_num_games': 6, 'set_tiebreak_to': 7, 'match_tiebreak': False, 'match_tiebreak_to': 10, 'datetime': '2025-01-26 08:30:00'}"
2025-03-19 05:03:10.626551+00:00,2-22-130-1-1,2,22,130,0,0,0,1,1,1,False,False,2,1.0,3.0,True,1.0,1.0,2.0,1.0,1.0,4.0,"{'player1_name': 'Jannik Sinner', 'player2_name': 'Alexander Zverev', 'server': 1, 'match_best_of': 5, 'set_num_games': 6, 'set_tiebreak_to': 7, 'match_tiebreak': False, 'match_tiebreak_to': 10, 'datetime': '2025-01-26 08:30:00'}"
2025-03-19 05:03:48.657870+00:00,2-22-131-1-0,2,22,131,0,0,0,1,0,2,False,False,2,1.0,3.0,False,,,4.0,2.0,1.0,1.0,"{'player1_name': 'Jannik Sinner', 'player2_name': 'Alexander Zverev', 'server': 1, 'match_best_of': 5, 'set_num_games': 6, 'set_tiebreak_to': 7, 'match_tiebreak': False, 'match_tiebreak_to': 10, 'datetime': '2025-01-26 08:30:00'}"
2025-03-19 05:05:12.634510+00:00,2-22-132-2-1,2,22,132,0,0,0,2,1,1,False,False,3,2.0,3.0,False,,,2.0,2.0,1.0,1.0,"{'player1_name': 'Jannik Sinner', 'player2_name': 'Alexander Zverev', 'server': 1, 'match_best_of': 5, 'set_num_games': 6, 'set_tiebreak_to': 7, 'match_tiebreak': False, 'match_tiebreak_to': 10, 'datetime': '2025-01-26 08:30:00'}"
2025-03-19 05:05:49.009583+00:00,2-22-133-2-0,2,22,133,0,0,0,2,0,1,False,False,2,1.0,1.0,False,,,4.0,3.0,1.0,1.0,"{'player1_name': 'Jannik Sinner', 'player2_name': 'Alexander Zverev', 'server': 1, 'match_best_of': 5, 'set_num_games': 6, 'set_tiebreak_to': 7, 'match_tiebreak': False, 'match_tiebreak_to': 10, 'datetime': '2025-01-26 08:30:00'}"
2025-03-19 05:06:35.891283+00:00,2-22-134-1-1,2,22,134,0,0,0,1,1,2,False,False,2,1.0,3.0,False,,,4.0,2.0,1.0,1.0,"{'player1_name': 'Jannik Sinner', 'player2_name': 'Alexander Zverev', 'server': 1, 'match_best_of': 5, 'set_num_games': 6, 'set_tiebreak_to': 7, 'match_tiebreak': False, 'match_tiebreak_to': 10, 'datetime': '2025-01-26 08:30:00'}"
2025-03-19 05:07:08.303652+00:00,2-22-135-1-0,2,22,135,0,0,0,1,0,1,False,False,2,1.0,1.0,False,,,1.0,2.0,2.0,7.0,"{'player1_name': 'Jannik Sinner', 'player2_name': 'Alexander Zverev', 'server': 1, 'match_best_of': 5, 'set_num_games': 6, 'set_tiebreak_to': 7, 'match_tiebreak': False, 'match_tiebreak_to': 10, 'datetime': '2025-01-26 08:30:00'}"
2025-03-19 05:07:34.147015+00:00,2-22-136-2-1,2,22,136,0,0,0,2,1,2,False,False,3,2.0,1.0,False,,,1.0,2.0,1.0,1.0,"{'player1_name': 'Jannik Sinner', 'player2_name': 'Alexander Zverev', 'server': 1, 'match_best_of': 5, 'set_num_games': 6, 'set_tiebreak_to': 7, 'match_tiebreak': False, 'match_tiebreak_to': 10, 'datetime': '2025-01-26 08:30:00'}"
2025-03-19 05:08:25.757188+00:00,2-22-137-2-0,2,22,137,0,0,0,2,0,1,False,False,2,1.0,3.0,False,,,2.0,,,,"{'player1_name': 'Jannik Sinner', 'player2_name': 'Alexander Zverev', 'server': 1, 'match_best_of': 5, 'set_num_games': 6, 'set_tiebreak_to': 7, 'match_tiebreak': False, 'match_tiebreak_to': 10, 'datetime': '2025-01-26 08:30:00'}"
2025-03-19 05:09:07.466604+00:00,2-22-138-1-1,2,22,138,0,0,0,1,1,1,False,False,2,1.0,3.0,False,,,1.0,2.0,2.0,1.0,"{'player1_name': 'Jannik Sinner', 'player2_name': 'Alexander Zverev', 'server': 1, 'match_best_of': 5, 'set_num_games': 6, 'set_tiebreak_to': 7, 'match_tiebreak': False, 'match_tiebreak_to': 10, 'datetime': '2025-01-26 08:30:00'}"
2025-03-19 05:09:26.468387+00:00,2-22-139-1-0,2,22,139,0,0,0,1,0,1,False,False,2,1.0,3.0,False,,,2.0,1.0,1.0,1.0,"{'player1_name': 'Jannik Sinner', 'player2_name': 'Alexander Zverev', 'server': 1, 'match_best_of': 5, 'set_num_games': 6, 'set_tiebreak_to': 7, 'match_tiebreak': False, 'match_tiebreak_to': 10, 'datetime': '2025-01-26 08:30:00'}"
2025-03-19 05:29:01.235042+00:00,3-23-140-1-0,3,23,140,0,0,0,1,0,1,False,False,2,1.0,3.0,False,,,4.0,3.0,1.0,1.0,"{'player1_name': 'Jannik Sinner', 'player2_name': 'Alexander Zverev', 'server': 1, 'match_best_of': 5, 'set_num_games': 6, 'set_tiebreak_to': 7, 'match_tiebreak': False, 'match_tiebreak_to': 10, 'datetime': '2025-01-26 08:30:00'}"
2025-03-19 05:29:26.008256+00:00,3-23-141-1-1,3,23,141,0,0,0,1,1,2,False,False,3,2.0,3.0,False,,,3.0,1.0,1.0,1.0,"{'player1_name': 'Jannik Sinner', 'player2_name': 'Alexander Zverev', 'server': 1, 'match_best_of': 5, 'set_num_games': 6, 'set_tiebreak_to': 7, 'match_tiebreak': False, 'match_tiebreak_to': 10, 'datetime': '2025-01-26 08:30:00'}"
2025-03-19 05:30:00.007193+00:00,3-23-142-1-0,3,23,142,0,0,0,1,0,1,False,False,2,1.0,3.0,False,,,4.0,2.0,2.0,1.0,"{'player1_name': 'Jannik Sinner', 'player2_name': 'Alexander Zverev', 'server': 1, 'match_best_of': 5, 'set_num_games': 6, 'set_tiebreak_to': 7, 'match_tiebreak': False, 'match_tiebreak_to': 10, 'datetime': '2025-01-26 08:30:00'}"
2025-03-19 05:30:55.086863+00:00,3-23-143-1-1,3,23,143,0,0,0,1,1,1,False,False,3,2.0,1.0,True,2.0,1.0,4.0,1.0,2.0,1.0,"{'player1_name': 'Jannik Sinner', 'player2_name': 'Alexander Zverev', 'server': 1, 'match_best_of': 5, 'set_num_games': 6, 'set_tiebreak_to': 7, 'match_tiebreak': False, 'match_tiebreak_to': 10, 'datetime': '2025-01-26 08:30:00'}"
2025-03-19 05:31:21.740666+00:00,3-23-144-1-0,3,23,144,0,0,0,1,0,1,False,False,2,1.0,1.0,False,,,3.0,3.0,1.0,1.0,"{'player1_name': 'Jannik Sinner', 'player2_name': 'Alexander Zverev', 'server': 1, 'match_best_of': 5, 'set_num_games': 6, 'set_tiebreak_to': 7, 'match_tiebreak': False, 'match_tiebreak_to': 10, 'datetime': '2025-01-26 08:30:00'}"
2025-03-19 05:31:51.429730+00:00,3-24-145-2-0,3,24,145,0,0,0,2,0,2,False,False,2,1.0,1.0,False,,,1.0,2.0,2.0,7.0,"{'player1_name': 'Jannik Sinner', 'player2_name': 'Alexander Zverev', 'server': 1, 'match_best_of': 5, 'set_num_games': 6, 'set_tiebreak_to': 7, 'match_tiebreak': False, 'match_tiebreak_to': 10, 'datetime': '2025-01-26 08:30:00'}"
2025-03-19 05:32:41.860409+00:00,3-24-146-2-1,3,24,146,0,0,0,2,1,1,False,False,2,1.0,3.0,True,1.0,1.0,4.0,2.0,2.0,2.0,"{'player1_name': 'Jannik Sinner', 'player2_name': 'Alexander Zverev', 'server': 1, 'match_best_of': 5, 'set_num_games': 6, 'set_tiebreak_to': 7, 'match_tiebreak': False, 'match_tiebreak_to': 10, 'datetime': '2025-01-26 08:30:00'}"
2025-03-19 05:33:19.939527+00:00,3-24-147-2-0,3,24,147,0,0,0,2,0,2,False,False,2,1.0,3.0,False,,,2.0,1.0,2.0,1.0,"{'player1_name': 'Jannik Sinner', 'player2_name': 'Alexander Zverev', 'server': 1, 'match_best_of': 5, 'set_num_games': 6, 'set_tiebreak_to': 7, 'match_tiebreak': False, 'match_tiebreak_to': 10, 'datetime': '2025-01-26 08:30:00'}"
2025-03-19 05:33:42.443278+00:00,3-24-148-2-1,3,24,148,0,0,0,2,1,2,True,False,1,1.0,3.0,False,,,1.0,1.0,,,"{'player1_name': 'Jannik Sinner', 'player2_name': 'Alexander Zverev', 'server': 1, 'match_best_of': 5, 'set_num_games': 6, 'set_tiebreak_to': 7, 'match_tiebreak': False, 'match_tiebreak_to': 10, 'datetime': '2025-01-26 08:30:00'}"
2025-03-19 05:34:19.645346+00:00,3-24-149-2-0,3,24,149,0,0,0,2,0,1,False,False,2,1.0,1.0,False,,,4.0,2.0,2.0,1.0,"{'player1_name': 'Jannik Sinner', 'player2_name': 'Alexander Zverev', 'server': 1, 'match_best_of': 5, 'set_num_games': 6, 'set_tiebreak_to': 7, 'match_tiebreak': False, 'match_tiebreak_to': 10, 'datetime': '2025-01-26 08:30:00'}"
2025-03-19 05:34:41.795655+00:00,3-24-150-2-1,3,24,150,0,0,0,2,1,2,False,False,2,1.0,1.0,False,,,1.0,2.0,1.0,7.0,"{'player1_name': 'Jannik Sinner', 'player2_name': 'Alexander Zverev', 'server': 1, 'match_best_of': 5, 'set_num_games': 6, 'set_tiebreak_to': 7, 'match_tiebreak': False, 'match_tiebreak_to': 10, 'datetime': '2025-01-26 08:30:00'}"
2025-03-19 05:35:01.869988+00:00,3-25-151-1-0,3,25,151,0,0,0,1,0,1,True,False,1,1.0,1.0,False,,,1.0,1.0,,,"{'player1_name': 'Jannik Sinner', 'player2_name': 'Alexander Zverev', 'server': 1, 'match_best_of': 5, 'set_num_games': 6, 'set_tiebreak_to': 7, 'match_tiebreak': False, 'match_tiebreak_to': 10, 'datetime': '2025-01-26 08:30:00'}"
2025-03-19 05:35:50.806708+00:00,3-25-152-1-1,3,25,152,0,0,0,1,1,1,False,False,3,2.0,2.0,False,,,4.0,2.0,1.0,1.0,"{'player1_name': 'Jannik Sinner', 'player2_name': 'Alexander Zverev', 'server': 1, 'match_best_of': 5, 'set_num_games': 6, 'set_tiebreak_to': 7, 'match_tiebreak': False, 'match_tiebreak_to': 10, 'datetime': '2025-01-26 08:30:00'}"
2025-03-19 05:36:39.182503+00:00,3-25-153-1-0,3,25,153,0,0,0,1,0,1,False,False,3,2.0,1.0,True,2.0,1.0,4.0,2.0,2.0,4.0,"{'player1_name': 'Jannik Sinner', 'player2_name': 'Alexander Zverev', 'server': 1, 'match_best_of': 5, 'set_num_games': 6, 'set_tiebreak_to': 7, 'match_tiebreak': False, 'match_tiebreak_to': 10, 'datetime': '2025-01-26 08:30:00'}"
2025-03-19 05:38:01.485664+00:00,3-25-154-1-1,3,25,154,0,0,0,1,1,1,False,False,3,2.0,1.0,False,,,2.0,1.0,2.0,1.0,"{'player1_name': 'Jannik Sinner', 'player2_name': 'Alexander Zverev', 'server': 1, 'match_best_of': 5, 'set_num_games': 6, 'set_tiebreak_to': 7, 'match_tiebreak': False, 'match_tiebreak_to': 10, 'datetime': '2025-01-26 08:30:00'}"
2025-03-19 05:39:07.480210+00:00,3-26-155-2-0,3,26,155,0,0,0,2,0,1,False,False,3,2.0,2.0,False,,,2.0,3.0,1.0,1.0,"{'player1_name': 'Jannik Sinner', 'player2_name': 'Alexander Zverev', 'server': 1, 'match_best_of': 5, 'set_num_games': 6, 'set_tiebreak_to': 7, 'match_tiebreak': False, 'match_tiebreak_to': 10, 'datetime': '2025-01-26 08:30:00'}"
2025-03-19 05:39:41.147526+00:00,3-26-156-2-1,3,26,156,0,0,0,2,1,2,False,False,3,3.0,1.0,False,,,1.0,2.0,1.0,7.0,"{'player1_name': 'Jannik Sinner', 'player2_name': 'Alexander Zverev', 'server': 1, 'match_best_of': 5, 'set_num_games': 6, 'set_tiebreak_to': 7, 'match_tiebreak': False, 'match_tiebreak_to': 10, 'datetime': '2025-01-26 08:30:00'}"
2025-03-19 05:40:39.242800+00:00,3-26-157-2-0,3,26,157,0,0,0,2,0,2,False,False,2,1.0,3.0,True,2.0,1.0,2.0,2.0,2.0,6.0,"{'player1_name': 'Jannik Sinner', 'player2_name': 'Alexander Zverev', 'server': 1, 'match_best_of': 5, 'set_num_games': 6, 'set_tiebreak_to': 7, 'match_tiebreak': False, 'match_tiebreak_to': 10, 'datetime': '2025-01-26 08:30:00'}"
2025-03-19 05:41:00.967765+00:00,3-26-158-2-1,3,26,158,0,0,0,2,1,2,False,False,2,1.0,3.0,False,,,1.0,2.0,2.0,1.0,"{'player1_name': 'Jannik Sinner', 'player2_name': 'Alexander Zverev', 'server': 1, 'match_best_of': 5, 'set_num_games': 6, 'set_tiebreak_to': 7, 'match_tiebreak': False, 'match_tiebreak_to': 10, 'datetime': '2025-01-26 08:30:00'}"
2025-03-19 05:41:28.401919+00:00,3-26-159-2-0,3,26,159,0,0,0,2,0,2,False,False,2,1.0,3.0,False,,,1.0,2.0,1.0,1.0,"{'player1_name': 'Jannik Sinner', 'player2_name': 'Alexander Zverev', 'server': 1, 'match_best_of': 5, 'set_num_games': 6, 'set_tiebreak_to': 7, 'match_tiebreak': False, 'match_tiebreak_to': 10, 'datetime': '2025-01-26 08:30:00'}"
2025-03-19 05:41:54.704584+00:00,3-27-160-1-0,3,27,160,0,0,0,1,0,1,False,False,2,1.0,3.0,False,,,1.0,2.0,1.0,1.0,"{'player1_name': 'Jannik Sinner', 'player2_name': 'Alexander Zverev', 'server': 1, 'match_best_of': 5, 'set_num_games': 6, 'set_tiebreak_to': 7, 'match_tiebreak': False, 'match_tiebreak_to': 10, 'datetime': '2025-01-26 08:30:00'}"
2025-03-19 05:42:24.902073+00:00,3-27-161-1-1,3,27,161,0,0,0,1,1,1,False,False,3,2.0,2.0,False,,,2.0,1.0,1.0,1.0,"{'player1_name': 'Jannik Sinner', 'player2_name': 'Alexander Zverev', 'server': 1, 'match_best_of': 5, 'set_num_games': 6, 'set_tiebreak_to': 7, 'match_tiebreak': False, 'match_tiebreak_to': 10, 'datetime': '2025-01-26 08:30:00'}"
2025-03-19 05:42:53.501657+00:00,3-27-162-1-0,3,27,162,0,0,0,1,0,1,False,False,2,1.0,1.0,False,,,1.0,2.0,2.0,1.0,"{'player1_name': 'Jannik Sinner', 'player2_name': 'Alexander Zverev', 'server': 1, 'match_best_of': 5, 'set_num_games': 6, 'set_tiebreak_to': 7, 'match_tiebreak': False, 'match_tiebreak_to': 10, 'datetime': '2025-01-26 08:30:00'}"
2025-03-19 05:43:59.955397+00:00,3-27-163-1-1,3,27,163,0,0,0,1,1,1,False,False,3,2.0,3.0,False,,,3.0,3.0,2.0,1.0,"{'player1_name': 'Jannik Sinner', 'player2_name': 'Alexander Zverev', 'server': 1, 'match_best_of': 5, 'set_num_games': 6, 'set_tiebreak_to': 7, 'match_tiebreak': False, 'match_tiebreak_to': 10, 'datetime': '2025-01-26 08:30:00'}"
2025-03-19 05:44:31.985337+00:00,3-28-164-2-0,3,28,164,0,0,0,2,0,1,False,False,2,1.0,3.0,False,,,2.0,1.0,1.0,1.0,"{'player1_name': 'Jannik Sinner', 'player2_name': 'Alexander Zverev', 'server': 1, 'match_best_of': 5, 'set_num_games': 6, 'set_tiebreak_to': 7, 'match_tiebreak': False, 'match_tiebreak_to': 10, 'datetime': '2025-01-26 08:30:00'}"
2025-03-19 05:45:16.659527+00:00,3-28-165-2-1,3,28,165,0,0,0,2,1,1,False,False,3,2.0,3.0,False,,,4.0,3.0,1.0,1.0,"{'player1_name': 'Jannik Sinner', 'player2_name': 'Alexander Zverev', 'server': 1, 'match_best_of': 5, 'set_num_games': 6, 'set_tiebreak_to': 7, 'match_tiebreak': False, 'match_tiebreak_to': 10, 'datetime': '2025-01-26 08:30:00'}"
2025-03-19 05:45:30.404077+00:00,3-28-166-2-0,3,28,166,0,0,0,2,0,2,True,False,1,1.0,3.0,False,,,1.0,1.0,,,"{'player1_name': 'Jannik Sinner', 'player2_name': 'Alexander Zverev', 'server': 1, 'match_best_of': 5, 'set_num_games': 6, 'set_tiebreak_to': 7, 'match_tiebreak': False, 'match_tiebreak_to': 10, 'datetime': '2025-01-26 08:30:00'}"
2025-03-19 05:46:03.097438+00:00,3-28-167-2-1,3,28,167,0,0,0,2,1,1,False,False,3,2.0,2.0,False,,,3.0,2.0,1.0,1.0,"{'player1_name': 'Jannik Sinner', 'player2_name': 'Alexander Zverev', 'server': 1, 'match_best_of': 5, 'set_num_games': 6, 'set_tiebreak_to': 7, 'match_tiebreak': False, 'match_tiebreak_to': 10, 'datetime': '2025-01-26 08:30:00'}"
2025-03-19 05:46:50.108667+00:00,3-28-168-2-0,3,28,168,0,0,1,2,0,2,False,False,3,2.0,3.0,False,,,4.0,1.0,2.0,1.0,"{'player1_name': 'Jannik Sinner', 'player2_name': 'Alexander Zverev', 'server': 1, 'match_best_of': 5, 'set_num_games': 6, 'set_tiebreak_to': 7, 'match_tiebreak': False, 'match_tiebreak_to': 10, 'datetime': '2025-01-26 08:30:00'}"
2025-03-19 05:47:38.982263+00:00,3-28-169-2-1,3,28,169,0,0,1,2,1,1,False,False,3,3.0,1.0,False,,,2.0,2.0,1.0,1.0,"{'player1_name': 'Jannik Sinner', 'player2_name': 'Alexander Zverev', 'server': 1, 'match_best_of': 5, 'set_num_games': 6, 'set_tiebreak_to': 7, 'match_tiebreak': False, 'match_tiebreak_to': 10, 'datetime': '2025-01-26 08:30:00'}"
2025-03-19 05:48:06.687224+00:00,3-29-170-1-0,3,29,170,0,0,0,1,0,2,False,False,2,1.0,1.0,False,,,2.0,2.0,2.0,1.0,"{'player1_name': 'Jannik Sinner', 'player2_name': 'Alexander Zverev', 'server': 1, 'match_best_of': 5, 'set_num_games': 6, 'set_tiebreak_to': 7, 'match_tiebreak': False, 'match_tiebreak_to': 10, 'datetime': '2025-01-26 08:30:00'}"
2025-03-19 05:48:42.168010+00:00,3-29-171-1-1,3,29,171,0,0,0,1,1,1,False,False,2,1.0,3.0,False,,,1.0,2.0,2.0,7.0,"{'player1_name': 'Jannik Sinner', 'player2_name': 'Alexander Zverev', 'server': 1, 'match_best_of': 5, 'set_num_games': 6, 'set_tiebreak_to': 7, 'match_tiebreak': False, 'match_tiebreak_to': 10, 'datetime': '2025-01-26 08:30:00'}"
2025-03-19 05:49:07.806491+00:00,3-29-172-1-0,3,29,172,0,0,0,1,0,1,False,False,3,2.0,2.0,False,,,3.0,2.0,1.0,1.0,"{'player1_name': 'Jannik Sinner', 'player2_name': 'Alexander Zverev', 'server': 1, 'match_best_of': 5, 'set_num_games': 6, 'set_tiebreak_to': 7, 'match_tiebreak': False, 'match_tiebreak_to': 10, 'datetime': '2025-01-26 08:30:00'}"
2025-03-19 05:49:44.550537+00:00,3-29-173-1-1,3,29,173,0,0,0,1,1,1,False,False,3,2.0,2.0,False,,,3.0,3.0,1.0,1.0,"{'player1_name': 'Jannik Sinner', 'player2_name': 'Alexander Zverev', 'server': 1, 'match_best_of': 5, 'set_num_games': 6, 'set_tiebreak_to': 7, 'match_tiebreak': False, 'match_tiebreak_to': 10, 'datetime': '2025-01-26 08:30:00'}"
2025-03-19 05:50:12.024085+00:00,3-29-174-1-0,3,29,174,0,0,0,1,0,2,False,False,3,2.0,2.0,False,,,3.0,1.0,1.0,1.0,"{'player1_name': 'Jannik Sinner', 'player2_name': 'Alexander Zverev', 'server': 1, 'match_best_of': 5, 'set_num_games': 6, 'set_tiebreak_to': 7, 'match_tiebreak': False, 'match_tiebreak_to': 10, 'datetime': '2025-01-26 08:30:00'}"
2025-03-19 05:50:42.677160+00:00,3-29-175-1-1,3,29,175,0,0,0,1,1,2,False,False,2,1.0,3.0,False,,,2.0,2.0,1.0,1.0,"{'player1_name': 'Jannik Sinner', 'player2_name': 'Alexander Zverev', 'server': 1, 'match_best_of': 5, 'set_num_games': 6, 'set_tiebreak_to': 7, 'match_tiebreak': False, 'match_tiebreak_to': 10, 'datetime': '2025-01-26 08:30:00'}"
2025-03-19 05:51:11.848842+00:00,3-29-176-1-0,3,29,176,0,0,0,1,0,1,False,False,2,1.0,1.0,False,,,1.0,2.0,2.0,7.0,"{'player1_name': 'Jannik Sinner', 'player2_name': 'Alexander Zverev', 'server': 1, 'match_best_of': 5, 'set_num_games': 6, 'set_tiebreak_to': 7, 'match_tiebreak': False, 'match_tiebreak_to': 10, 'datetime': '2025-01-26 08:30:00'}"
2025-03-19 05:51:40.803511+00:00,3-29-177-1-1,3,29,177,0,0,0,1,1,2,False,False,2,1.0,1.0,False,,,3.0,2.0,2.0,1.0,"{'player1_name': 'Jannik Sinner', 'player2_name': 'Alexander Zverev', 'server': 1, 'match_best_of': 5, 'set_num_games': 6, 'set_tiebreak_to': 7, 'match_tiebreak': False, 'match_tiebreak_to': 10, 'datetime': '2025-01-26 08:30:00'}"
2025-03-19 05:51:50.116677+00:00,3-29-178-1-0,3,29,178,0,0,0,1,0,1,True,False,1,1.0,1.0,False,,,1.0,1.0,,,"{'player1_name': 'Jannik Sinner', 'player2_name': 'Alexander Zverev', 'server': 1, 'match_best_of': 5, 'set_num_games': 6, 'set_tiebreak_to': 7, 'match_tiebreak': False, 'match_tiebreak_to': 10, 'datetime': '2025-01-26 08:30:00'}"
2025-03-19 05:52:11.496019+00:00,3-29-179-1-1,3,29,179,0,0,0,1,1,1,False,False,2,1.0,2.0,False,,,1.0,2.0,2.0,1.0,"{'player1_name': 'Jannik Sinner', 'player2_name': 'Alexander Zverev', 'server': 1, 'match_best_of': 5, 'set_num_games': 6, 'set_tiebreak_to': 7, 'match_tiebreak': False, 'match_tiebreak_to': 10, 'datetime': '2025-01-26 08:30:00'}"
2025-03-19 05:52:36.533340+00:00,3-30-180-2-0,3,30,180,0,0,0,2,0,2,False,False,2,1.0,3.0,False,,,,2.0,1.0,7.0,"{'player1_name': 'Jannik Sinner', 'player2_name': 'Alexander Zverev', 'server': 1, 'match_best_of': 5, 'set_num_games': 6, 'set_tiebreak_to': 7, 'match_tiebreak': False, 'match_tiebreak_to': 10, 'datetime': '2025-01-26 08:30:00'}"
2025-03-19 05:53:20.453483+00:00,3-30-181-2-1,3,30,181,0,0,0,2,1,2,False,False,3,2.0,2.0,False,,,3.0,2.0,1.0,1.0,"{'player1_name': 'Jannik Sinner', 'player2_name': 'Alexander Zverev', 'server': 1, 'match_best_of': 5, 'set_num_games': 6, 'set_tiebreak_to': 7, 'match_tiebreak': False, 'match_tiebreak_to': 10, 'datetime': '2025-01-26 08:30:00'}"
2025-03-19 05:53:38.707426+00:00,3-30-182-2-0,3,30,182,0,0,0,2,0,2,False,False,2,1.0,1.0,False,,,1.0,2.0,2.0,1.0,"{'player1_name': 'Jannik Sinner', 'player2_name': 'Alexander Zverev', 'server': 1, 'match_best_of': 5, 'set_num_games': 6, 'set_tiebreak_to': 7, 'match_tiebreak': False, 'match_tiebreak_to': 10, 'datetime': '2025-01-26 08:30:00'}"
2025-03-19 05:54:01.615108+00:00,3-30-183-2-1,3,30,183,0,0,0,2,1,1,False,False,3,2.0,3.0,False,,,3.0,1.0,1.0,1.0,"{'player1_name': 'Jannik Sinner', 'player2_name': 'Alexander Zverev', 'server': 1, 'match_best_of': 5, 'set_num_games': 6, 'set_tiebreak_to': 7, 'match_tiebreak': False, 'match_tiebreak_to': 10, 'datetime': '2025-01-26 08:30:00'}"
2025-03-19 05:54:19.375752+00:00,3-30-184-2-0,3,30,184,0,0,0,2,0,2,False,False,2,1.0,3.0,False,,,1.0,2.0,1.0,1.0,"{'player1_name': 'Jannik Sinner', 'player2_name': 'Alexander Zverev', 'server': 1, 'match_best_of': 5, 'set_num_games': 6, 'set_tiebreak_to': 7, 'match_tiebreak': False, 'match_tiebreak_to': 10, 'datetime': '2025-01-26 08:30:00'}"
2025-03-19 05:54:58.195909+00:00,3-31-185-1-0,3,31,185,0,0,0,1,0,2,False,False,3,2.0,2.0,False,,,2.0,3.0,1.0,1.0,"{'player1_name': 'Jannik Sinner', 'player2_name': 'Alexander Zverev', 'server': 1, 'match_best_of': 5, 'set_num_games': 6, 'set_tiebreak_to': 7, 'match_tiebreak': False, 'match_tiebreak_to': 10, 'datetime': '2025-01-26 08:30:00'}"
2025-03-19 05:55:14.310118+00:00,3-31-186-1-1,3,31,186,0,0,0,1,1,1,False,False,2,1.0,3.0,False,,,2.0,1.0,1.0,1.0,"{'player1_name': 'Jannik Sinner', 'player2_name': 'Alexander Zverev', 'server': 1, 'match_best_of': 5, 'set_num_games': 6, 'set_tiebreak_to': 7, 'match_tiebreak': False, 'match_tiebreak_to': 10, 'datetime': '2025-01-26 08:30:00'}"
2025-03-19 05:55:29.213967+00:00,3-31-187-1-0,3,31,187,0,0,0,1,0,1,True,False,1,1.0,1.0,False,,,1.0,1.0,,,"{'player1_name': 'Jannik Sinner', 'player2_name': 'Alexander Zverev', 'server': 1, 'match_best_of': 5, 'set_num_games': 6, 'set_tiebreak_to': 7, 'match_tiebreak': False, 'match_tiebreak_to': 10, 'datetime': '2025-01-26 08:30:00'}"
2025-03-19 05:56:16.040213+00:00,3-31-188-1-1,3,31,188,0,0,0,1,1,2,False,False,2,1.0,1.0,False,,,4.0,2.0,1.0,1.0,"{'player1_name': 'Jannik Sinner', 'player2_name': 'Alexander Zverev', 'server': 1, 'match_best_of': 5, 'set_num_games': 6, 'set_tiebreak_to': 7, 'match_tiebreak': False, 'match_tiebreak_to': 10, 'datetime': '2025-01-26 08:30:00'}"
2025-03-19 05:56:55.150626+00:00,3-31-189-1-0,3,31,189,0,0,0,1,0,1,False,False,3,2.0,3.0,False,,,4.0,2.0,1.0,1.0,"{'player1_name': 'Jannik Sinner', 'player2_name': 'Alexander Zverev', 'server': 1, 'match_best_of': 5, 'set_num_games': 6, 'set_tiebreak_to': 7, 'match_tiebreak': False, 'match_tiebreak_to': 10, 'datetime': '2025-01-26 08:30:00'}"
2025-03-19 10:53:41.483995+00:00,3-31-190-1-1,3,31,190,1,1,0,1,1,1,False,False,3,2.0,1.0,True,2.0,2.0,4.0,1.0,2.0,1.0,"{'player1_name': 'Jannik Sinner', 'player2_name': 'Alexander Zverev', 'server': 1, 'match_best_of': 5, 'set_num_games': 6, 'set_tiebreak_to': 7, 'match_tiebreak': False, 'match_tiebreak_to': 10, 'datetime': '2025-01-26 08:30:00'}"
